store_group,store_id,promo_period_int,period_num,period_year,weekly_velocity_amount,weekly_velocity_quantity
baseline_control,1,46,7,2018,98.68,6.75
baseline_control,2,46,7,2018,120.43,7.25
baseline_control,3,50,11,2018,114.68,6.75
baseline_control,3,62,10,2019,181.65,10.25
baseline_control,4,63,11,2019,112.44,6.25
program_test,5,64,12,2019,89.94,6
baseline_control,1,65,13,2019,114.68,6.75
baseline_control,4,66,1,2020,121.43,6.75
baseline_control,6,68,3,2020,166.41,9.25
baseline_control,3,68,3,2020,256.36,14.25
baseline_control,7,69,4,2020,107.94,6
baseline_control,4,70,5,2020,161.91,9
baseline_control,4,72,7,2020,215.88,12
baseline_control,8,72,7,2020,158.66,8.5
film_control,9,74,9,2020,107.93,6.75
baseline_control,3,74,9,2020,143.92,8
baseline_control,10,75,10,2020,143.92,8
baseline_control,4,75,10,2020,193.39,10.75
program_test,11,76,11,2020,111.93,7
baseline_control,10,76,11,2020,139.42,7.75
baseline_control,10,47,8,2018,9.49,0.5
baseline_control,12,48,9,2018,9.49,0.5
baseline_control,13,49,10,2018,8.99,0.5
baseline_control,14,50,11,2018,8,0.5
baseline_control,15,50,11,2018,8.49,0.5
baseline_control,14,52,13,2018,8.49,0.5
baseline_control,8,52,13,2018,9.49,0.5
baseline_control,16,52,13,2018,8.99,0.5
baseline_control,10,52,13,2018,9.49,0.5
baseline_control,2,53,1,2019,9.49,0.5
baseline_control,17,54,2,2019,8.99,0.5
baseline_control,13,58,6,2019,8.99,0.5
baseline_control,17,65,13,2019,9.49,0.5
baseline_control,18,66,1,2020,9.99,0.5
baseline_control,17,68,3,2020,8.99,0.5
baseline_control,19,46,7,2018,11.99,0.75
baseline_control,20,46,7,2018,12.74,0.75
program_test,11,49,10,2018,13.49,0.75
baseline_control,21,52,13,2018,14.24,0.75
baseline_control,22,53,1,2019,14.24,0.75
baseline_control,23,55,3,2019,14.24,0.75
baseline_control,23,59,7,2019,14.24,0.75
baseline_control,24,59,7,2019,11.99,0.75
baseline_control,22,61,9,2019,14.24,0.75
baseline_control,15,46,7,2018,16.74,1
baseline_control,25,48,9,2018,18.99,1
program_test,5,48,9,2018,17.99,1
baseline_control,10,49,10,2018,18.99,1
baseline_control,15,51,12,2018,18.99,1
film_control,9,52,13,2018,16.99,1
baseline_control,18,52,13,2018,17.99,1
baseline_control,26,53,1,2019,17.99,1
baseline_control,27,54,2,2019,17.99,1
baseline_control,10,61,9,2019,17.99,1
baseline_control,8,66,1,2020,18.99,1
baseline_control,14,66,1,2020,16.99,1
baseline_control,28,66,1,2020,17.99,1
baseline_control,1,45,6,2018,19.99,1.25
baseline_control,18,46,7,2018,16.74,1.25
baseline_control,27,48,9,2018,23.74,1.25
baseline_control,26,49,10,2018,23.74,1.25
baseline_control,29,50,11,2018,19.99,1.25
baseline_control,8,51,12,2018,23.74,1.25
baseline_control,29,53,1,2019,19.99,1.25
baseline_control,15,53,1,2019,22.49,1.25
baseline_control,30,53,1,2019,22.49,1.25
baseline_control,13,59,7,2019,17.99,1.25
baseline_control,18,61,9,2019,24.99,1.25
film_control,9,61,9,2019,20.74,1.25
baseline_control,13,62,10,2019,21.24,1.25
film_control,9,67,2,2020,20.74,1.25
baseline_control,22,68,3,2020,23.74,1.25
baseline_control,16,70,5,2020,22.49,1.25
baseline_control,18,70,5,2020,26.24,1.25
baseline_control,28,73,8,2020,22.49,1.25
baseline_control,16,74,9,2020,22.49,1.25
baseline_control,31,75,10,2020,23.74,1.25
baseline_control,4,49,10,2018,28.48,1.5
baseline_control,32,50,11,2018,26.98,1.5
baseline_control,13,53,1,2019,23.98,1.5
baseline_control,17,53,1,2019,26.98,1.5
baseline_control,23,53,1,2019,28.48,1.5
baseline_control,12,53,1,2019,26.98,1.5
film_control,33,54,2,2019,25.48,1.5
baseline_control,6,57,5,2019,26.98,1.5
baseline_control,18,59,7,2019,29.98,1.5
baseline_control,21,61,9,2019,26.98,1.5
baseline_control,18,62,10,2019,29.23,1.5
program_test,34,62,10,2019,25.48,1.5
baseline_control,22,62,10,2019,26.98,1.5
baseline_control,30,62,10,2019,25.98,1.5
baseline_control,28,65,13,2019,28.23,1.5
baseline_control,27,66,1,2020,26.98,1.5
baseline_control,29,66,1,2020,25.48,1.5
baseline_control,14,69,4,2020,25.48,1.5
baseline_control,14,73,8,2020,25.23,1.5
baseline_control,2,47,8,2018,33.23,1.75
baseline_control,28,49,10,2018,33.23,1.75
program_test,11,50,11,2018,27.98,1.75
baseline_control,22,50,11,2018,31.48,1.75
baseline_control,24,53,1,2019,31.48,1.75
baseline_control,19,54,2,2019,31.48,1.75
baseline_control,30,58,6,2019,31.48,1.75
baseline_control,8,58,6,2019,33.23,1.75
baseline_control,29,61,9,2019,28.48,1.75
baseline_control,20,62,10,2019,31.23,1.75
baseline_control,15,63,11,2019,31.48,1.75
baseline_control,15,64,12,2019,31.48,1.75
baseline_control,10,65,13,2019,32.48,1.75
baseline_control,21,66,1,2020,31.48,1.75
baseline_control,20,67,2,2020,33.23,1.75
baseline_control,24,71,6,2020,36.73,1.75
baseline_control,17,71,6,2020,31.48,1.75
baseline_control,24,50,11,2018,35.98,2
baseline_control,29,51,12,2018,33.73,2
baseline_control,35,52,13,2018,37.73,2
program_test,36,54,2,2019,33.98,2
baseline_control,37,55,3,2019,36.48,2
baseline_control,6,56,4,2019,32.98,2
baseline_control,21,59,7,2019,35.98,2
baseline_control,7,60,8,2019,35.98,2
baseline_control,2,62,10,2019,35.98,2
program_test,34,64,12,2019,29.98,2
baseline_control,8,64,12,2019,37.98,2
program_test,34,70,5,2020,33.48,2
baseline_control,32,71,6,2020,41.98,2
baseline_control,13,72,7,2020,29.98,2
film_control,38,46,7,2018,32.23,2.25
baseline_control,7,48,9,2018,42.73,2.25
baseline_control,10,50,11,2018,38.23,2.25
baseline_control,24,54,2,2019,40.48,2.25
baseline_control,37,59,7,2019,39.73,2.25
baseline_control,39,61,9,2019,42.73,2.25
baseline_control,8,61,9,2019,42.73,2.25
baseline_control,29,62,10,2019,38.23,2.25
baseline_control,29,71,6,2020,35.98,2.25
baseline_control,32,72,7,2020,44.23,2.25
baseline_control,13,74,9,2020,35.98,2.25
baseline_control,13,75,10,2020,38.23,2.25
baseline_control,39,75,10,2020,42.73,2.25
baseline_control,10,46,7,2018,40.73,2.5
baseline_control,18,47,8,2018,42.72,2.5
film_control,38,50,11,2018,39.98,2.5
baseline_control,13,50,11,2018,39.98,2.5
program_test,5,55,3,2019,39.97,2.5
baseline_control,32,61,9,2019,49.98,2.5
film_control,33,65,13,2019,41.97,2.5
film_control,38,66,1,2020,41.72,2.5
film_control,33,66,1,2020,41.22,2.5
baseline_control,28,70,5,2020,44.97,2.5
baseline_control,39,71,6,2020,47.48,2.5
baseline_control,29,73,8,2020,41.97,2.5
baseline_control,28,47,8,2018,52.22,2.75
film_control,38,52,13,2018,46.72,2.75
film_control,38,54,2,2019,46.72,2.75
baseline_control,26,55,3,2019,47.22,2.75
baseline_control,7,56,4,2019,47.47,2.75
baseline_control,29,59,7,2019,41.22,2.75
baseline_control,10,64,12,2019,49.47,2.75
baseline_control,24,67,2,2020,57.47,2.75
film_control,9,73,8,2020,45.97,2.75
baseline_control,8,73,8,2020,52.22,2.75
baseline_control,30,76,11,2020,49.47,2.75
baseline_control,17,76,11,2020,49.47,2.75
film_control,33,76,11,2020,43.97,2.75
program_test,5,58,6,2019,50.47,3
program_test,36,73,8,2020,50.22,3
program_test,11,73,8,2020,49.97,3
baseline_control,12,74,9,2020,53.97,3
baseline_control,27,75,10,2020,53.97,3
film_control,33,55,3,2019,56.72,3.25
baseline_control,2,56,4,2019,60.22,3.25
baseline_control,30,56,4,2019,54.97,3.25
film_control,38,57,5,2019,55.22,3.25
baseline_control,7,64,12,2019,58.47,3.25
baseline_control,35,67,2,2020,58.47,3.25
baseline_control,30,70,5,2020,58.47,3.25
baseline_control,25,71,6,2020,58.47,3.25
baseline_control,30,75,10,2020,58.47,3.25
baseline_control,25,53,1,2019,62.96,3.5
program_test,11,55,3,2019,52.71,3.5
baseline_control,10,56,4,2019,60.46,3.5
film_control,38,58,6,2019,59.46,3.5
film_control,38,59,7,2019,51.72,3.5
baseline_control,7,63,11,2019,62.96,3.5
program_test,34,66,1,2020,61.71,3.5
baseline_control,25,73,8,2020,62.96,3.5
baseline_control,29,75,10,2020,59.46,3.5
baseline_control,40,75,10,2020,59.46,3.5
baseline_control,6,46,7,2018,61.96,3.75
baseline_control,8,47,8,2018,71.21,3.75
program_test,11,47,8,2018,61.46,3.75
program_test,11,48,9,2018,63.46,3.75
baseline_control,28,51,12,2018,71.21,3.75
program_test,11,52,13,2018,63.46,3.75
baseline_control,4,54,2,2019,67.46,3.75
baseline_control,35,55,3,2019,62.21,3.75
baseline_control,3,57,5,2019,67.46,3.75
baseline_control,25,59,7,2019,66.96,3.75
baseline_control,26,62,10,2019,66.71,3.75
baseline_control,1,67,2,2020,63.71,3.75
baseline_control,16,69,4,2020,67.46,3.75
program_test,11,69,4,2020,67.46,3.75
baseline_control,15,70,5,2020,67.46,3.75
baseline_control,12,75,10,2020,67.46,3.75
baseline_control,26,76,11,2020,67.46,3.75
baseline_control,7,46,7,2018,65.71,4
baseline_control,3,49,10,2018,75.96,4
baseline_control,2,55,3,2019,74.46,4
film_control,9,59,7,2019,59.96,4
film_control,33,59,7,2019,59.71,4
program_test,5,61,9,2019,66.96,4
baseline_control,7,68,3,2020,71.96,4
film_control,9,71,6,2020,64.46,4
baseline_control,19,53,1,2019,76.46,4.25
baseline_control,7,55,3,2019,72.71,4.25
film_control,38,56,4,2019,69.21,4.25
baseline_control,26,58,6,2019,75.71,4.25
baseline_control,32,68,3,2020,89.21,4.25
film_control,9,72,7,2020,65.46,4.25
baseline_control,28,50,11,2018,76.45,4.5
baseline_control,1,50,11,2018,71.95,4.5
baseline_control,1,72,7,2020,74.95,4.5
baseline_control,35,73,8,2020,80.95,4.5
program_test,11,46,7,2018,69.2,4.75
baseline_control,3,47,8,2018,90.2,4.75
baseline_control,19,52,13,2018,90.2,4.75
baseline_control,1,62,10,2019,80.7,4.75
baseline_control,25,62,10,2019,83.7,4.75
baseline_control,40,63,11,2019,71.2,4.75
baseline_control,7,73,8,2020,85.45,4.75
baseline_control,26,74,9,2020,85.45,4.75
baseline_control,3,59,7,2019,88.95,5
baseline_control,40,68,3,2020,81.95,5
baseline_control,8,71,6,2020,94.95,5
baseline_control,31,55,3,2019,91.45,5.25
film_control,41,57,5,2019,87.7,5.25
baseline_control,35,71,6,2020,94.45,5.25
baseline_control,35,72,7,2020,94.45,5.25
program_test,11,74,9,2020,83.95,5.25
baseline_control,26,75,10,2020,94.45,5.25
program_test,36,56,4,2019,89.94,5.5
baseline_control,6,71,6,2020,98.94,5.5
baseline_control,21,55,3,2019,98.94,5.75
baseline_control,30,45,6,2018,4.75,0.25
baseline_control,15,47,8,2018,4.75,0.25
baseline_control,13,48,9,2018,4.5,0.25
baseline_control,20,49,10,2018,4.75,0.25
baseline_control,25,51,12,2018,4.75,0.25
baseline_control,29,54,2,2019,4.25,0.25
baseline_control,23,64,12,2019,4.75,0.25
baseline_control,39,65,13,2019,4.75,0.25
baseline_control,28,67,2,2020,4.5,0.25
baseline_control,32,76,11,2020,5.25,0.25
baseline_control,19,50,11,2018,123.18,7.25
baseline_control,3,53,1,2019,116.93,6.5
baseline_control,4,56,4,2019,124.43,7.25
baseline_control,4,59,7,2019,112.44,6.25
baseline_control,19,62,10,2019,127.68,7.25
baseline_control,31,63,11,2019,107.94,6
baseline_control,1,63,11,2019,123.67,8.25
baseline_control,19,64,12,2019,107.94,6
baseline_control,19,67,2,2020,130.43,7.25
baseline_control,19,68,3,2020,202.39,11.25
baseline_control,4,68,3,2020,269.85,15
film_control,9,68,3,2020,102.69,6.25
program_test,5,68,3,2020,135.67,8.25
baseline_control,26,69,4,2020,170.9,9.5
baseline_control,19,70,5,2020,161.91,9
baseline_control,35,70,5,2020,134.92,7.5
program_test,5,71,6,2020,125.92,7.75
baseline_control,10,72,7,2020,170.9,9.5
program_test,11,72,7,2020,96.93,6.5
program_test,34,72,7,2020,98.43,6.5
baseline_control,40,73,8,2020,133.67,8
baseline_control,3,73,8,2020,184.4,10.25
baseline_control,10,73,8,2020,211.38,11.75
baseline_control,8,74,9,2020,116.43,6.5
baseline_control,4,74,9,2020,175.4,9.75
program_test,5,76,11,2020,155.9,9.75
baseline_control,31,46,7,2018,9.49,0.5
baseline_control,17,46,7,2018,8,0.5
baseline_control,21,47,8,2018,9.49,0.5
baseline_control,17,48,9,2018,9.49,0.5
baseline_control,17,51,12,2018,9.49,0.5
baseline_control,2,51,12,2018,9.49,0.5
baseline_control,27,52,13,2018,9.49,0.5
baseline_control,39,58,6,2019,9.49,0.5
baseline_control,15,58,6,2019,8.99,0.5
baseline_control,8,65,13,2019,9.49,0.5
baseline_control,39,66,1,2020,9.49,0.5
baseline_control,18,73,8,2020,10.49,0.5
baseline_control,22,76,11,2020,9.49,0.5
baseline_control,19,48,9,2018,14.24,0.75
film_control,33,48,9,2018,12.99,0.75
baseline_control,22,49,10,2018,14.24,0.75
baseline_control,8,53,1,2019,14.24,0.75
baseline_control,8,54,2,2019,14.24,0.75
baseline_control,17,55,3,2019,12.74,0.75
baseline_control,12,56,4,2019,13.49,0.75
baseline_control,37,60,8,2019,14.24,0.75
baseline_control,37,65,13,2019,14.24,0.75
baseline_control,2,69,4,2020,14.24,0.75
baseline_control,17,70,5,2020,13.49,0.75
baseline_control,24,44,5,2018,17.24,1
baseline_control,31,49,10,2018,18.99,1
film_control,9,49,10,2018,17.49,1
film_control,41,49,10,2018,17.99,1
baseline_control,21,51,12,2018,18.99,1
baseline_control,23,52,13,2018,18.99,1
baseline_control,39,53,1,2019,18.99,1
baseline_control,39,56,4,2019,18.24,1
baseline_control,32,57,5,2019,19.99,1
baseline_control,12,58,6,2019,17.99,1
baseline_control,17,61,9,2019,17.99,1
baseline_control,37,62,10,2019,17.99,1
baseline_control,17,62,10,2019,17.74,1
baseline_control,24,63,11,2019,19.99,1
baseline_control,37,66,1,2020,18.99,1
baseline_control,16,68,3,2020,17.99,1
baseline_control,17,69,4,2020,17.99,1
baseline_control,24,76,11,2020,20.99,1
baseline_control,8,76,11,2020,18.99,1
program_test,36,46,7,2018,17.49,1.25
baseline_control,6,47,8,2018,23.74,1.25
baseline_control,27,47,8,2018,23.74,1.25
baseline_control,37,49,10,2018,23.74,1.25
baseline_control,18,51,12,2018,22.24,1.25
baseline_control,28,55,3,2019,18.74,1.25
film_control,9,55,3,2019,17.49,1.25
baseline_control,20,55,3,2019,21.99,1.25
baseline_control,27,57,5,2019,22.49,1.25
film_control,41,58,6,2019,21.49,1.25
baseline_control,16,58,6,2019,22.49,1.25
baseline_control,20,59,7,2019,22.24,1.25
baseline_control,15,59,7,2019,22.49,1.25
baseline_control,26,60,8,2019,22.49,1.25
baseline_control,15,61,9,2019,22.49,1.25
baseline_control,20,64,12,2019,22.49,1.25
baseline_control,18,64,12,2019,24.99,1.25
baseline_control,30,65,13,2019,23.24,1.25
film_control,38,65,13,2019,20.99,1.25
baseline_control,2,74,9,2020,22.49,1.25
baseline_control,31,48,9,2018,28.48,1.5
baseline_control,30,48,9,2018,28.48,1.5
film_control,33,49,10,2018,25.48,1.5
baseline_control,1,51,12,2018,23.98,1.5
baseline_control,14,53,1,2019,23.98,1.5
baseline_control,17,58,6,2019,26.98,1.5
baseline_control,17,63,11,2019,26.98,1.5
baseline_control,22,64,12,2019,28.48,1.5
baseline_control,27,65,13,2019,27.98,1.5
baseline_control,14,68,3,2020,25.23,1.5
baseline_control,31,71,6,2020,28.48,1.5
baseline_control,23,49,10,2018,33.23,1.75
baseline_control,16,51,12,2018,31.48,1.75
program_test,36,52,13,2018,29.48,1.75
baseline_control,6,52,13,2018,33.23,1.75
baseline_control,6,54,2,2019,30.98,1.75
program_test,5,54,2,2019,29.73,1.75
baseline_control,26,54,2,2019,31.48,1.75
baseline_control,30,55,3,2019,30.73,1.75
baseline_control,15,57,5,2019,31.48,1.75
baseline_control,30,57,5,2019,31.48,1.75
baseline_control,30,59,7,2019,31.48,1.75
baseline_control,15,60,8,2019,31.48,1.75
baseline_control,22,63,11,2019,33.23,1.75
baseline_control,2,66,1,2020,33.23,1.75
baseline_control,31,69,4,2020,33.23,1.75
baseline_control,2,76,11,2020,33.23,1.75
baseline_control,2,45,6,2018,33.98,2
baseline_control,37,48,9,2018,37.98,2
baseline_control,18,53,1,2019,35.98,2
baseline_control,29,56,4,2019,32.98,2
baseline_control,2,60,8,2019,37.98,2
baseline_control,21,63,11,2019,35.98,2
film_control,9,65,13,2019,33.98,2
program_test,11,67,2,2020,35.98,2
baseline_control,24,69,4,2020,41.98,2
baseline_control,12,70,5,2020,35.98,2
baseline_control,8,70,5,2020,37.98,2
baseline_control,7,49,10,2018,42.73,2.25
baseline_control,37,50,11,2018,40.48,2.25
baseline_control,37,56,4,2019,38.23,2.25
baseline_control,32,56,4,2019,38.98,2.25
film_control,9,57,5,2019,38.23,2.25
baseline_control,39,59,7,2019,40.48,2.25
baseline_control,29,60,8,2019,37.48,2.25
film_control,33,62,10,2019,38.23,2.25
baseline_control,12,64,12,2019,40.48,2.25
baseline_control,32,66,1,2020,42.48,2.25
baseline_control,31,66,1,2020,41.98,2.25
program_test,36,66,1,2020,37.98,2.25
film_control,38,67,2,2020,37.98,2.25
baseline_control,12,69,4,2020,40.48,2.25
baseline_control,22,73,8,2020,42.73,2.25
film_control,38,74,9,2020,35.98,2.25
film_control,38,75,10,2020,38.23,2.25
baseline_control,27,50,11,2018,42.47,2.5
baseline_control,6,51,12,2018,47.47,2.5
baseline_control,28,57,5,2019,44.97,2.5
baseline_control,13,64,12,2019,37.48,2.5
baseline_control,16,67,2,2020,44.98,2.5
baseline_control,29,68,3,2020,40.73,2.5
baseline_control,12,71,6,2020,44.97,2.5
baseline_control,22,71,6,2020,47.47,2.5
baseline_control,21,71,6,2020,44.97,2.5
baseline_control,39,73,8,2020,47.47,2.5
baseline_control,21,50,11,2018,46.72,2.75
baseline_control,32,51,12,2018,49.47,2.75
program_test,36,53,1,2019,43.97,2.75
baseline_control,35,54,2,2019,48.97,2.75
baseline_control,10,59,7,2019,49.47,2.75
baseline_control,8,62,10,2019,50.22,2.75
baseline_control,25,65,13,2019,50.72,2.75
baseline_control,31,68,3,2020,52.22,2.75
baseline_control,20,69,4,2020,52.22,2.75
baseline_control,13,73,8,2020,46.47,2.75
baseline_control,2,73,8,2020,52.22,2.75
baseline_control,22,74,9,2020,49.47,2.75
baseline_control,23,47,8,2018,56.97,3
baseline_control,1,49,10,2018,47.97,3
film_control,9,50,11,2018,47.97,3
baseline_control,25,55,3,2019,50.22,3
film_control,38,70,5,2020,50.22,3
baseline_control,2,71,6,2020,56.97,3
baseline_control,42,74,9,2020,50.97,3
baseline_control,42,76,11,2020,50.97,3
baseline_control,1,52,13,2018,51.97,3.25
baseline_control,10,58,6,2019,58.47,3.25
baseline_control,27,58,6,2019,58.47,3.25
baseline_control,31,59,7,2019,57.97,3.25
program_test,5,60,8,2019,54.47,3.25
baseline_control,27,60,8,2019,58.47,3.25
baseline_control,30,67,2,2020,58.47,3.25
film_control,41,71,6,2020,51.97,3.25
baseline_control,30,71,6,2020,58.47,3.25
film_control,33,73,8,2020,53.97,3.25
baseline_control,27,59,7,2019,62.96,3.5
film_control,9,60,8,2019,57.97,3.5
baseline_control,6,61,9,2019,62.96,3.5
baseline_control,27,62,10,2019,61.71,3.5
program_test,11,64,12,2019,52.47,3.5
baseline_control,13,67,2,2020,58.71,3.5
film_control,38,68,3,2020,58.71,3.5
baseline_control,39,69,4,2020,66.47,3.5
baseline_control,15,72,7,2020,62.96,3.5
baseline_control,24,52,13,2018,67.46,3.75
baseline_control,3,52,13,2018,70.71,3.75
baseline_control,7,59,7,2019,67.46,3.75
baseline_control,27,61,9,2019,67.46,3.75
baseline_control,12,62,10,2019,66.71,3.75
program_test,36,67,2,2020,62.46,3.75
baseline_control,39,72,7,2020,70.46,3.75
baseline_control,12,76,11,2020,67.46,3.75
film_control,41,54,2,2019,67.96,4
baseline_control,19,55,3,2019,66.71,4
baseline_control,35,57,5,2019,71.96,4
baseline_control,19,57,5,2019,71.96,4
film_control,41,63,11,2019,59.96,4
baseline_control,26,64,12,2019,71.96,4
baseline_control,3,66,1,2020,71.96,4
baseline_control,7,71,6,2020,71.96,4
baseline_control,2,72,7,2020,73.46,4
program_test,34,73,8,2020,66.21,4
film_control,41,74,9,2020,63.96,4
baseline_control,39,74,9,2020,71.96,4
baseline_control,35,76,11,2020,71.96,4
program_test,11,53,1,2019,68.21,4.25
baseline_control,1,53,1,2019,71.46,4.25
baseline_control,19,58,6,2019,76.46,4.25
baseline_control,31,58,6,2019,78.21,4.25
baseline_control,25,60,8,2019,76.46,4.25
film_control,33,63,11,2019,63.71,4.25
film_control,9,64,12,2019,63.71,4.25
baseline_control,3,64,12,2019,76.46,4.25
baseline_control,19,66,1,2020,76.46,4.25
baseline_control,10,67,2,2020,76.46,4.25
baseline_control,32,59,7,2019,79.95,4.5
baseline_control,2,59,7,2019,78.7,4.5
baseline_control,7,61,9,2019,80.95,4.5
baseline_control,26,66,1,2020,80.95,4.5
baseline_control,27,74,9,2020,80.95,4.5
baseline_control,4,51,12,2018,90.2,4.75
baseline_control,40,51,12,2018,80.7,4.75
program_test,36,57,5,2019,80.7,4.75
baseline_control,10,57,5,2019,85.45,4.75
program_test,11,63,11,2019,71.2,4.75
baseline_control,28,74,9,2020,85.45,4.75
film_control,9,63,11,2019,74.95,5
baseline_control,21,70,5,2020,89.95,5
program_test,5,46,7,2018,74.7,5.25
program_test,11,54,2,2019,89.2,5.25
baseline_control,19,65,13,2019,96.45,5.25
baseline_control,27,68,3,2020,94.45,5.25
baseline_control,3,51,12,2018,104.44,5.5
baseline_control,19,63,11,2019,98.94,5.5
baseline_control,6,69,4,2020,98.94,5.5
program_test,5,70,5,2020,90.94,5.5
baseline_control,19,73,8,2020,98.94,5.5
baseline_control,25,74,9,2020,98.94,5.5
baseline_control,40,76,11,2020,87.94,5.5
program_test,34,76,11,2020,87.95,5.5
program_test,5,59,7,2019,84.44,5.75
baseline_control,17,72,7,2020,103.44,5.75
baseline_control,1,74,9,2020,97.69,5.75
baseline_control,35,47,8,2018,4.75,0.25
baseline_control,35,48,9,2018,4.75,0.25
baseline_control,13,57,5,2019,4.75,0.25
baseline_control,16,61,9,2019,4.5,0.25
baseline_control,18,76,11,2020,5.25,0.25
baseline_control,40,46,7,2018,117.17,8
baseline_control,40,50,11,2018,95.94,6
film_control,41,50,11,2018,95.94,6
baseline_control,4,50,11,2018,110.43,6.5
baseline_control,4,55,3,2019,148.91,9
film_control,41,59,7,2019,94.19,6.5
baseline_control,40,59,7,2019,102.43,6.75
baseline_control,4,64,12,2019,130.43,7.25
baseline_control,1,66,1,2020,110.43,6.5
baseline_control,26,67,2,2020,125.93,7
baseline_control,26,68,3,2020,152.91,8.5
baseline_control,4,69,4,2020,215.88,12
baseline_control,25,69,4,2020,125.93,7
program_test,5,69,4,2020,135.92,8
baseline_control,26,70,5,2020,134.92,7.5
baseline_control,3,70,5,2020,197.89,11
program_test,5,72,7,2020,178.88,11.75
baseline_control,7,72,7,2020,125.93,7
baseline_control,10,74,9,2020,139.42,7.75
program_test,5,75,10,2020,127.42,7.5
film_control,9,76,11,2020,99.94,6.25
baseline_control,4,76,11,2020,143.92,8
baseline_control,28,45,6,2018,9.49,0.5
baseline_control,26,46,7,2018,8,0.5
baseline_control,24,48,9,2018,8.99,0.5
baseline_control,2,48,9,2018,9.49,0.5
baseline_control,10,48,9,2018,9.49,0.5
baseline_control,17,49,10,2018,9.49,0.5
baseline_control,17,52,13,2018,9.49,0.5
baseline_control,29,52,13,2018,8.49,0.5
baseline_control,16,53,1,2019,8.99,0.5
baseline_control,13,54,2,2019,8.49,0.5
baseline_control,17,57,5,2019,8.99,0.5
baseline_control,23,62,10,2019,8.99,0.5
baseline_control,17,67,2,2020,8.99,0.5
film_control,33,50,11,2018,11.99,0.75
film_control,41,51,12,2018,13.24,0.75
baseline_control,25,52,13,2018,14.24,0.75
baseline_control,28,56,4,2019,12.99,0.75
baseline_control,29,57,5,2019,13.74,0.75
baseline_control,37,57,5,2019,14.24,0.75
baseline_control,29,58,6,2019,13.49,0.75
baseline_control,17,64,12,2019,13.49,0.75
baseline_control,24,65,13,2019,14.99,0.75
baseline_control,18,71,6,2020,15.74,0.75
baseline_control,35,46,7,2018,15.99,1
film_control,33,47,8,2018,16.99,1
film_control,9,47,8,2018,16.99,1
baseline_control,24,47,8,2018,16.99,1
program_test,36,48,9,2018,17.49,1
baseline_control,35,49,10,2018,18.99,1
baseline_control,15,49,10,2018,18.99,1
baseline_control,26,50,11,2018,16.99,1
baseline_control,30,52,13,2018,18.99,1
baseline_control,27,53,1,2019,17.99,1
baseline_control,39,55,3,2019,18.24,1
baseline_control,14,57,5,2019,18.49,1
baseline_control,14,58,6,2019,17.99,1
baseline_control,16,64,12,2019,17.99,1
baseline_control,22,65,13,2019,18.99,1
film_control,41,69,4,2020,17.99,1
baseline_control,14,70,5,2020,15.99,1
baseline_control,22,70,5,2020,18.99,1
baseline_control,20,75,10,2020,18.99,1
baseline_control,20,47,8,2018,23.74,1.25
baseline_control,37,54,2,2019,23.74,1.25
baseline_control,16,55,3,2019,20.99,1.25
baseline_control,18,60,8,2019,24.99,1.25
baseline_control,31,60,8,2019,23.74,1.25
baseline_control,30,61,9,2019,22.49,1.25
baseline_control,29,65,13,2019,21.24,1.25
program_test,11,65,13,2019,21.24,1.25
program_test,36,65,13,2019,21.24,1.25
film_control,41,66,1,2020,22.24,1.25
baseline_control,16,66,1,2020,22.49,1.25
baseline_control,14,71,6,2020,19.99,1.25
baseline_control,18,72,7,2020,24.74,1.25
baseline_control,37,73,8,2020,23.74,1.25
film_control,41,75,10,2020,21.24,1.25
baseline_control,32,48,9,2018,26.98,1.5
film_control,41,48,9,2018,26.23,1.5
baseline_control,32,53,1,2019,26.98,1.5
baseline_control,8,55,3,2019,26.23,1.5
baseline_control,17,56,4,2019,25.48,1.5
baseline_control,2,57,5,2019,28.48,1.5
baseline_control,26,59,7,2019,26.98,1.5
baseline_control,21,60,8,2019,26.98,1.5
baseline_control,14,65,13,2019,25.48,1.5
baseline_control,30,66,1,2020,26.98,1.5
baseline_control,16,71,6,2020,26.98,1.5
baseline_control,30,74,9,2020,26.98,1.5
baseline_control,30,47,8,2018,33.23,1.75
baseline_control,27,49,10,2018,33.23,1.75
baseline_control,35,53,1,2019,31.48,1.75
baseline_control,26,57,5,2019,31.48,1.75
baseline_control,30,60,8,2019,31.48,1.75
baseline_control,37,64,12,2019,33.23,1.75
baseline_control,13,65,13,2019,29.73,1.75
baseline_control,1,70,5,2020,29.73,1.75
baseline_control,24,70,5,2020,36.73,1.75
baseline_control,37,74,9,2020,31.48,1.75
baseline_control,24,75,10,2020,36.73,1.75
film_control,9,46,7,2018,28.23,2
baseline_control,37,46,7,2018,33.48,2
baseline_control,12,59,7,2019,35.48,2
baseline_control,12,63,11,2019,35.98,2
baseline_control,20,63,11,2019,35.98,2
baseline_control,37,63,11,2019,37.98,2
program_test,11,66,1,2020,35.98,2
baseline_control,14,67,2,2020,33.73,2
film_control,9,70,5,2020,32.73,2
baseline_control,2,70,5,2020,37.98,2
film_control,38,71,6,2020,32.23,2
baseline_control,22,75,10,2020,37.98,2
baseline_control,16,76,11,2020,35.98,2
baseline_control,18,45,6,2018,38.23,2.25
film_control,33,46,7,2018,32.98,2.25
baseline_control,16,50,11,2018,38.23,2.25
baseline_control,22,55,3,2019,40.48,2.25
program_test,11,58,6,2019,39.48,2.25
baseline_control,6,58,6,2019,40.48,2.25
baseline_control,26,61,9,2019,40.48,2.25
baseline_control,12,66,1,2020,40.48,2.25
baseline_control,12,67,2,2020,40.48,2.25
baseline_control,24,68,3,2020,47.23,2.25
baseline_control,20,71,6,2020,42.73,2.25
baseline_control,30,73,8,2020,40.48,2.25
program_test,36,75,10,2020,38.23,2.25
baseline_control,29,76,11,2020,35.98,2.25
baseline_control,3,48,9,2018,47.48,2.5
baseline_control,19,49,10,2018,47.48,2.5
program_test,5,50,11,2018,39.98,2.5
baseline_control,21,53,1,2019,44.97,2.5
baseline_control,7,57,5,2019,44.97,2.5
baseline_control,24,57,5,2019,49.98,2.5
film_control,33,57,5,2019,42.47,2.5
baseline_control,6,59,7,2019,44.98,2.5
film_control,33,60,8,2019,41.72,2.5
program_test,36,60,8,2019,40.97,2.5
film_control,41,68,3,2020,44.97,2.5
baseline_control,25,76,11,2020,44.98,2.5
baseline_control,13,76,11,2020,39.98,2.5
baseline_control,21,76,11,2020,44.97,2.5
baseline_control,30,50,11,2018,46.72,2.75
baseline_control,28,52,13,2018,51.97,2.75
program_test,5,53,1,2019,43.97,2.75
baseline_control,35,56,4,2019,47.47,2.75
baseline_control,30,63,11,2019,49.47,2.75
baseline_control,29,64,12,2019,41.22,2.75
baseline_control,31,67,2,2020,52.22,2.75
baseline_control,32,70,5,2020,57.72,2.75
baseline_control,15,73,8,2020,49.47,2.75
baseline_control,12,73,8,2020,49.47,2.75
baseline_control,20,74,9,2020,49.47,2.75
baseline_control,24,56,4,2019,51.97,3
baseline_control,35,64,12,2019,53.97,3
baseline_control,26,65,13,2019,55.22,3
baseline_control,18,67,2,2020,62.97,3
baseline_control,15,68,3,2020,53.97,3
baseline_control,22,69,4,2020,56.97,3
baseline_control,26,72,7,2020,53.97,3
baseline_control,18,75,10,2020,62.97,3
baseline_control,21,75,10,2020,53.97,3
baseline_control,7,50,11,2018,55.22,3.25
program_test,11,51,12,2018,58.22,3.25
baseline_control,35,59,7,2019,58.47,3.25
baseline_control,6,60,8,2019,58.47,3.25
baseline_control,7,62,10,2019,57.47,3.25
baseline_control,31,64,12,2019,58.47,3.25
film_control,33,70,5,2020,54.47,3.25
baseline_control,4,47,8,2018,66.46,3.5
film_control,38,53,1,2019,55.97,3.5
program_test,5,62,10,2019,59.46,3.5
baseline_control,6,64,12,2019,62.96,3.5
baseline_control,25,68,3,2020,62.96,3.5
program_test,11,70,5,2020,60.46,3.5
program_test,36,71,6,2020,56.47,3.5
baseline_control,23,46,7,2018,62.96,3.75
program_test,36,55,3,2019,64.96,3.75
baseline_control,40,60,8,2019,62.21,3.75
program_test,34,63,11,2019,56.21,3.75
film_control,38,64,12,2019,56.21,3.75
baseline_control,13,69,4,2020,63.71,3.75
baseline_control,32,69,4,2020,78.71,3.75
baseline_control,28,69,4,2020,67.46,3.75
film_control,9,69,4,2020,63.46,3.75
program_test,36,70,5,2020,62.71,3.75
baseline_control,16,72,7,2020,66.21,3.75
baseline_control,6,50,11,2018,67.96,4
film_control,41,52,13,2018,67.71,4
baseline_control,40,53,1,2019,63.96,4
baseline_control,6,62,10,2019,70.46,4
baseline_control,6,66,1,2020,71.96,4
baseline_control,39,68,3,2020,75.96,4
film_control,33,72,7,2020,58.96,4
film_control,41,72,7,2020,60.46,4
baseline_control,32,46,7,2018,60.21,4.25
baseline_control,3,55,3,2019,68.21,4.25
baseline_control,1,57,5,2019,72.21,4.25
baseline_control,22,59,7,2019,74.71,4.25
baseline_control,3,63,11,2019,76.46,4.25
baseline_control,6,76,11,2020,76.46,4.25
baseline_control,27,67,2,2020,80.95,4.5
baseline_control,28,68,3,2020,80.95,4.5
baseline_control,30,69,4,2020,80.95,4.5
baseline_control,25,70,5,2020,80.95,4.5
film_control,9,75,10,2020,76.45,4.5
program_test,5,63,11,2019,71.2,4.75
baseline_control,1,68,3,2020,80.7,4.75
baseline_control,7,58,6,2019,89.95,5
baseline_control,3,65,13,2019,91.7,5
program_test,11,75,10,2020,84.95,5
baseline_control,12,60,8,2019,94.45,5.25
baseline_control,19,61,9,2019,94.45,5.25
baseline_control,3,61,9,2019,94.45,5.25
baseline_control,13,68,3,2020,85.95,5.25
baseline_control,19,56,4,2019,93.94,5.5
baseline_control,1,60,8,2019,82.44,5.5
baseline_control,19,75,10,2020,98.94,5.5
baseline_control,40,47,8,2018,94.94,5.75
program_test,36,50,11,2018,91.94,5.75
baseline_control,7,45,6,2018,4.75,0.25
baseline_control,25,47,8,2018,4.75,0.25
baseline_control,6,49,10,2018,4.75,0.25
program_test,5,49,10,2018,4,0.25
baseline_control,23,51,12,2018,4.75,0.25
baseline_control,2,52,13,2018,4.75,0.25
baseline_control,23,63,11,2019,4.75,0.25
program_test,36,59,7,2019,119.92,8
program_test,11,59,7,2019,96.68,6.75
baseline_control,4,61,9,2019,121.43,6.75
baseline_control,4,62,10,2019,110.44,6.25
baseline_control,40,64,12,2019,93.69,6.25
baseline_control,4,67,2,2020,157.41,8.75
baseline_control,3,67,2,2020,193.39,10.75
baseline_control,6,67,2,2020,121.43,6.75
baseline_control,3,69,4,2020,206.88,11.5
baseline_control,10,70,5,2020,139.42,7.75
baseline_control,19,71,6,2020,170.9,9.5
baseline_control,1,71,6,2020,110.43,6.5
baseline_control,25,72,7,2020,107.94,6
baseline_control,3,72,7,2020,175.4,9.75
baseline_control,19,72,7,2020,107.94,6
baseline_control,4,73,8,2020,206.88,11.5
program_test,5,73,8,2020,165.15,9.75
program_test,5,74,9,2020,171.89,10.75
baseline_control,7,74,9,2020,116.93,6.5
baseline_control,10,45,6,2018,9.49,0.5
baseline_control,20,48,9,2018,9.49,0.5
baseline_control,30,49,10,2018,9.49,0.5
baseline_control,14,51,12,2018,8.49,0.5
baseline_control,10,53,1,2019,8.99,0.5
baseline_control,2,54,2,2019,9.49,0.5
baseline_control,12,54,2,2019,8.99,0.5
baseline_control,16,54,2,2019,8.99,0.5
baseline_control,14,56,4,2019,8.49,0.5
baseline_control,22,57,5,2019,9.49,0.5
baseline_control,24,58,6,2019,9.99,0.5
baseline_control,28,59,7,2019,8.49,0.5
film_control,41,61,9,2019,9.49,0.5
baseline_control,2,67,2,2020,9.49,0.5
baseline_control,37,75,10,2020,9.49,0.5
baseline_control,6,48,9,2018,14.24,0.75
baseline_control,2,49,10,2018,14.24,0.75
baseline_control,12,50,11,2018,12.74,0.75
baseline_control,20,51,12,2018,14.24,0.75
baseline_control,13,51,12,2018,12.74,0.75
film_control,33,52,13,2018,12.74,0.75
baseline_control,26,52,13,2018,14.24,0.75
baseline_control,22,54,2,2019,13.49,0.75
baseline_control,32,54,2,2019,13.49,0.75
program_test,11,60,8,2019,14.24,0.75
baseline_control,20,61,9,2019,13.99,0.75
baseline_control,20,65,13,2019,13.49,0.75
baseline_control,31,76,11,2020,14.24,0.75
baseline_control,37,76,11,2020,14.24,0.75
baseline_control,12,46,7,2018,16.74,1
baseline_control,22,48,9,2018,18.99,1
baseline_control,23,48,9,2018,18.99,1
baseline_control,18,50,11,2018,17.99,1
baseline_control,30,51,12,2018,18.99,1
baseline_control,13,52,13,2018,16.49,1
film_control,33,53,1,2019,15.99,1
baseline_control,30,54,2,2019,17.99,1
baseline_control,10,54,2,2019,17.99,1
baseline_control,12,55,3,2019,17.99,1
baseline_control,20,56,4,2019,17.49,1
baseline_control,12,57,5,2019,17.99,1
baseline_control,39,57,5,2019,18.99,1
film_control,33,58,6,2019,16.99,1
baseline_control,28,61,9,2019,17.99,1
baseline_control,37,61,9,2019,18.99,1
baseline_control,7,65,13,2019,18.99,1
baseline_control,16,65,13,2019,17.99,1
baseline_control,21,65,13,2019,18.74,1
baseline_control,37,68,3,2020,18.99,1
baseline_control,37,70,5,2020,18.99,1
baseline_control,42,73,8,2020,16.99,1
baseline_control,18,74,9,2020,17.99,1
baseline_control,31,47,8,2018,23.74,1.25
baseline_control,2,50,11,2018,22.49,1.25
baseline_control,31,51,12,2018,23.74,1.25
baseline_control,31,53,1,2019,22.49,1.25
film_control,9,53,1,2019,19.99,1.25
baseline_control,28,62,10,2019,22.49,1.25
baseline_control,21,64,12,2019,22.49,1.25
program_test,34,65,13,2019,21.24,1.25
film_control,41,65,13,2019,21.24,1.25
baseline_control,12,65,13,2019,23.24,1.25
baseline_control,37,72,7,2020,23.24,1.25
baseline_control,28,72,7,2020,22.49,1.25
baseline_control,31,74,9,2020,22.49,1.25
baseline_control,29,49,10,2018,25.73,1.5
baseline_control,10,51,12,2018,28.48,1.5
baseline_control,20,52,13,2018,26.98,1.5
baseline_control,37,58,6,2019,28.48,1.5
baseline_control,20,60,8,2019,28.48,1.5
baseline_control,16,60,8,2019,26.98,1.5
baseline_control,14,61,9,2019,24.48,1.5
baseline_control,21,62,10,2019,26.73,1.5
baseline_control,24,64,12,2019,29.98,1.5
baseline_control,28,64,12,2019,26.98,1.5
baseline_control,15,65,13,2019,27.48,1.5
film_control,41,67,2,2020,26.98,1.5
baseline_control,15,71,6,2020,26.98,1.5
baseline_control,28,75,10,2020,26.98,1.5
baseline_control,20,76,11,2020,28.48,1.5
baseline_control,22,47,8,2018,33.23,1.75
baseline_control,37,47,8,2018,33.23,1.75
baseline_control,31,52,13,2018,31.48,1.75
baseline_control,40,56,4,2019,29.23,1.75
baseline_control,8,57,5,2019,33.23,1.75
baseline_control,21,58,6,2019,31.48,1.75
baseline_control,13,60,8,2019,29.23,1.75
film_control,38,60,8,2019,28.73,1.75
baseline_control,16,62,10,2019,30.98,1.75
baseline_control,2,63,11,2019,33.23,1.75
baseline_control,29,63,11,2019,26.23,1.75
baseline_control,39,64,12,2019,33.23,1.75
film_control,9,66,1,2020,28.98,1.75
baseline_control,8,67,2,2020,33.23,1.75
baseline_control,20,73,8,2020,33.23,1.75
baseline_control,28,76,11,2020,31.48,1.75
baseline_control,12,47,8,2018,37.98,2
baseline_control,27,51,12,2018,37.98,2
baseline_control,35,51,12,2018,37.98,2
baseline_control,32,52,13,2018,35.98,2
baseline_control,15,54,2,2019,35.98,2
baseline_control,24,55,3,2019,32.98,2
baseline_control,21,56,4,2019,33.98,2
baseline_control,23,56,4,2019,33.48,2
baseline_control,32,60,8,2019,39.98,2
baseline_control,40,61,9,2019,32.23,2
film_control,41,70,5,2020,34.23,2
baseline_control,14,76,11,2020,31.98,2
baseline_control,40,48,9,2018,40.48,2.25
film_control,9,51,12,2018,37.98,2.25
baseline_control,40,52,13,2018,37.98,2.25
film_control,38,55,3,2019,35.23,2.25
baseline_control,32,58,6,2019,44.98,2.25
program_test,36,61,9,2019,37.73,2.25
film_control,38,61,9,2019,37.73,2.25
film_control,41,62,10,2019,38.23,2.25
baseline_control,10,63,11,2019,40.48,2.25
baseline_control,30,64,12,2019,40.48,2.25
baseline_control,7,66,1,2020,40.48,2.25
baseline_control,12,68,3,2020,40.48,2.25
baseline_control,29,70,5,2020,35.98,2.25
baseline_control,29,72,7,2020,33.98,2.25
baseline_control,24,74,9,2020,40.48,2.25
baseline_control,32,75,10,2020,47.23,2.25
baseline_control,24,46,7,2018,36.73,2.5
baseline_control,32,47,8,2018,42.47,2.5
baseline_control,40,49,10,2018,40.98,2.5
baseline_control,17,59,7,2019,44.97,2.5
baseline_control,32,65,13,2019,46.22,2.5
baseline_control,7,67,2,2020,44.97,2.5
baseline_control,29,67,2,2020,41.72,2.5
baseline_control,15,69,4,2020,44.97,2.5
film_control,38,69,4,2020,42.47,2.5
baseline_control,39,70,5,2020,47.47,2.5
baseline_control,37,71,6,2020,47.48,2.5
baseline_control,15,74,9,2020,44.97,2.5
baseline_control,7,47,8,2018,52.22,2.75
program_test,36,49,10,2018,46.22,2.75
baseline_control,7,52,13,2018,52.22,2.75
baseline_control,2,58,6,2019,52.22,2.75
baseline_control,8,60,8,2019,52.22,2.75
baseline_control,24,62,10,2019,51.97,2.75
baseline_control,40,66,1,2020,46.47,2.75
baseline_control,24,49,10,2018,53.97,3
baseline_control,14,55,3,2019,48.22,3
film_control,9,56,4,2019,47.97,3
baseline_control,40,57,5,2019,55.47,3
baseline_control,35,58,6,2019,53.97,3
baseline_control,35,60,8,2019,53.97,3
baseline_control,14,64,12,2019,44.97,3
film_control,33,67,2,2020,50.22,3
baseline_control,27,71,6,2020,53.97,3
baseline_control,22,72,7,2020,55.47,3
baseline_control,15,75,10,2020,53.97,3
baseline_control,39,76,11,2020,56.97,3
baseline_control,19,51,12,2018,61.72,3.25
baseline_control,4,53,1,2019,58.47,3.25
baseline_control,25,54,2,2019,58.47,3.25
baseline_control,40,55,3,2019,54.22,3.25
baseline_control,10,55,3,2019,53.22,3.25
baseline_control,40,58,6,2019,58.22,3.25
program_test,36,58,6,2019,54.97,3.25
baseline_control,21,68,3,2020,58.47,3.25
baseline_control,13,70,5,2020,51.97,3.25
baseline_control,32,73,8,2020,68.22,3.25
film_control,41,73,8,2020,54.22,3.25
film_control,33,75,10,2020,55.22,3.25
baseline_control,35,50,11,2018,59.46,3.5
baseline_control,7,53,1,2019,62.96,3.5
baseline_control,21,67,2,2020,62.97,3.5
program_test,11,68,3,2020,62.96,3.5
baseline_control,21,69,4,2020,62.96,3.5
film_control,33,74,9,2020,55.97,3.5
baseline_control,7,75,10,2020,62.96,3.5
baseline_control,27,55,3,2019,64.46,3.75
baseline_control,3,56,4,2019,62.96,3.75
film_control,9,58,6,2019,63.71,3.75
baseline_control,35,61,9,2019,67.46,3.75
film_control,38,63,11,2019,56.21,3.75
baseline_control,25,64,12,2019,67.46,3.75
baseline_control,31,65,13,2019,67.46,3.75
baseline_control,32,67,2,2020,75.71,3.75
film_control,38,72,7,2020,56.46,3.75
film_control,41,53,1,2019,63.96,4
baseline_control,31,57,5,2019,71.96,4
program_test,5,57,5,2019,67.96,4
baseline_control,1,59,7,2019,63.46,4
baseline_control,40,62,10,2019,67.96,4
baseline_control,26,63,11,2019,71.96,4
program_test,5,67,2,2020,67.46,4
baseline_control,14,74,9,2020,63.96,4
film_control,41,55,3,2019,66.21,4.25
baseline_control,8,56,4,2019,74.71,4.25
baseline_control,27,63,11,2019,76.46,4.25
baseline_control,4,65,13,2019,78.46,4.25
baseline_control,21,73,8,2020,76.46,4.25
baseline_control,28,46,7,2018,74.7,4.5
program_test,36,68,3,2020,73.45,4.5
baseline_control,27,70,5,2020,80.96,4.5
baseline_control,6,73,8,2020,80.95,4.5
film_control,33,64,12,2019,71.2,4.75
baseline_control,27,64,12,2019,85.45,4.75
baseline_control,26,73,8,2020,85.45,4.75
baseline_control,35,74,9,2020,85.45,4.75
baseline_control,6,75,10,2020,85.45,4.75
baseline_control,25,50,11,2018,84.95,5
baseline_control,10,68,3,2020,89.95,5
program_test,11,56,4,2019,85.2,5.25
baseline_control,35,62,10,2019,91.95,5.25
baseline_control,32,64,12,2019,102.7,5.25
baseline_control,1,69,4,2020,89.2,5.25
baseline_control,27,72,7,2020,94.45,5.25
baseline_control,1,73,8,2020,89.2,5.25
baseline_control,1,64,12,2019,93.44,5.5
baseline_control,27,69,4,2020,98.94,5.5
baseline_control,6,70,5,2020,98.94,5.5
program_test,11,57,5,2019,95.19,5.75
baseline_control,19,60,8,2019,103.44,5.75
baseline_control,35,68,3,2020,103.44,5.75
program_test,36,74,9,2020,91.94,5.75
baseline_control,32,44,5,2018,4.25,0.25
baseline_control,23,45,6,2018,4.25,0.25
baseline_control,30,46,7,2018,4.25,0.25
baseline_control,23,61,9,2019,4.75,0.25
baseline_control,20,66,1,2020,4.75,0.25
baseline_control,1,47,8,2018,99.94,6.25
program_test,5,56,4,2019,101.69,6.25
film_control,41,56,4,2019,109.43,6.75
baseline_control,3,58,6,2019,112.44,6.25
baseline_control,4,58,6,2019,112.44,6.25
baseline_control,10,69,4,2020,148.42,8.25
baseline_control,35,69,4,2020,139.42,7.75
baseline_control,19,69,4,2020,112.44,6.25
baseline_control,3,71,6,2020,179.9,10
baseline_control,10,71,6,2020,242.86,13.5
baseline_control,4,71,6,2020,206.88,11.5
program_test,36,72,7,2020,117.92,7.75
baseline_control,40,72,7,2020,108.93,7.25
baseline_control,6,72,7,2020,121.43,6.75
baseline_control,19,74,9,2020,112.44,6.25
program_test,34,74,9,2020,115.93,7.25
baseline_control,3,75,10,2020,107.94,6
baseline_control,19,76,11,2020,161.91,9
program_test,36,76,11,2020,99.94,6.25
baseline_control,3,76,11,2020,130.43,7.25
baseline_control,21,48,9,2018,9.49,0.5
baseline_control,18,48,9,2018,8.99,0.5
baseline_control,25,49,10,2018,9.49,0.5
baseline_control,22,52,13,2018,9.49,0.5
baseline_control,18,54,2,2019,8.99,0.5
program_test,34,61,9,2019,9.49,0.5
baseline_control,18,63,11,2019,9.99,0.5
baseline_control,2,64,12,2019,9.49,0.5
film_control,9,48,9,2018,13.49,0.75
baseline_control,21,49,10,2018,14.24,0.75
baseline_control,20,50,11,2018,13.49,0.75
baseline_control,37,51,12,2018,14.24,0.75
baseline_control,23,54,2,2019,14.24,0.75
baseline_control,20,58,6,2019,13.99,0.75
baseline_control,17,60,8,2019,13.49,0.75
baseline_control,22,60,8,2019,14.24,0.75
baseline_control,2,61,9,2019,14.24,0.75
program_test,11,61,9,2019,14.24,0.75
baseline_control,39,63,11,2019,14.24,0.75
baseline_control,17,66,1,2020,13.49,0.75
baseline_control,37,45,6,2018,16.99,1
baseline_control,22,46,7,2018,15.99,1
baseline_control,26,48,9,2018,18.99,1
baseline_control,32,49,10,2018,17.99,1
baseline_control,37,52,13,2018,18.99,1
baseline_control,40,54,2,2019,18.99,1
baseline_control,39,54,2,2019,18.99,1
baseline_control,14,54,2,2019,16.99,1
baseline_control,29,55,3,2019,15.24,1
baseline_control,22,58,6,2019,18.99,1
baseline_control,13,61,9,2019,16.49,1
baseline_control,39,62,10,2019,18.49,1
baseline_control,8,63,11,2019,18.99,1
baseline_control,6,65,13,2019,18.24,1
baseline_control,22,67,2,2020,18.99,1
baseline_control,39,67,2,2020,18.99,1
baseline_control,31,73,8,2020,18.99,1
baseline_control,16,75,10,2020,17.99,1
baseline_control,4,46,7,2018,20.24,1.25
baseline_control,25,46,7,2018,20.24,1.25
baseline_control,8,49,10,2018,23.74,1.25
baseline_control,8,50,11,2018,22.49,1.25
baseline_control,17,50,11,2018,21.24,1.25
baseline_control,26,51,12,2018,23.74,1.25
baseline_control,12,52,13,2018,23.24,1.25
baseline_control,20,53,1,2019,22.49,1.25
baseline_control,13,56,4,2019,21.74,1.25
baseline_control,31,61,9,2019,23.24,1.25
baseline_control,24,66,1,2020,25.74,1.25
baseline_control,20,68,3,2020,23.74,1.25
baseline_control,15,76,11,2020,22.49,1.25
baseline_control,18,44,5,2018,25.48,1.5
baseline_control,24,45,6,2018,25.48,1.5
baseline_control,12,49,10,2018,28.48,1.5
film_control,33,51,12,2018,25.48,1.5
film_control,38,51,12,2018,25.48,1.5
baseline_control,13,55,3,2019,24.73,1.5
baseline_control,16,56,4,2019,23.98,1.5
baseline_control,16,59,7,2019,23.23,1.5
baseline_control,14,59,7,2019,22.48,1.5
baseline_control,39,60,8,2019,28.48,1.5
film_control,9,62,10,2019,25.48,1.5
baseline_control,15,62,10,2019,26.48,1.5
baseline_control,14,62,10,2019,25.48,1.5
baseline_control,10,66,1,2020,26.98,1.5
baseline_control,22,66,1,2020,28.48,1.5
program_test,34,67,2,2020,26.98,1.5
baseline_control,31,70,5,2020,28.48,1.5
baseline_control,16,73,8,2020,26.98,1.5
film_control,38,48,9,2018,30.98,1.75
baseline_control,22,51,12,2018,33.23,1.75
film_control,9,54,2,2019,29.73,1.75
baseline_control,7,54,2,2019,31.48,1.75
baseline_control,28,54,2,2019,31.48,1.75
baseline_control,15,55,3,2019,29.98,1.75
baseline_control,22,56,4,2019,28.73,1.75
baseline_control,15,56,4,2019,30.48,1.75
baseline_control,24,61,9,2019,34.98,1.75
baseline_control,16,63,11,2019,31.48,1.75
baseline_control,2,68,3,2020,33.23,1.75
baseline_control,20,72,7,2020,32.48,1.75
baseline_control,2,75,10,2020,33.23,1.75
baseline_control,28,48,9,2018,37.98,2
baseline_control,8,48,9,2018,37.98,2
baseline_control,20,54,2,2019,35.98,2
baseline_control,20,57,5,2019,35.98,2
baseline_control,21,57,5,2019,35.98,2
baseline_control,16,57,5,2019,35.98,2
film_control,41,60,8,2019,37.98,2
baseline_control,24,60,8,2019,39.98,2
baseline_control,10,60,8,2019,35.98,2
program_test,11,62,10,2019,33.98,2
baseline_control,14,63,11,2019,29.98,2
baseline_control,13,66,1,2020,33.98,2
baseline_control,15,67,2,2020,35.98,2
baseline_control,20,70,5,2020,37.98,2
baseline_control,14,72,7,2020,29.98,2
baseline_control,24,73,8,2020,41.98,2
baseline_control,8,75,10,2020,37.98,2
baseline_control,23,50,11,2018,40.48,2.25
program_test,5,51,12,2018,38.23,2.25
baseline_control,24,51,12,2018,40.48,2.25
baseline_control,31,54,2,2019,39.98,2.25
baseline_control,12,61,9,2019,40.48,2.25
program_test,5,66,1,2020,37.98,2.25
baseline_control,37,67,2,2020,42.73,2.25
baseline_control,30,68,3,2020,40.48,2.25
program_test,34,68,3,2020,40.48,2.25
baseline_control,24,72,7,2020,44.98,2.25
baseline_control,21,54,2,2019,44.97,2.5
baseline_control,26,56,4,2019,42.98,2.5
baseline_control,14,60,8,2019,41.47,2.5
film_control,33,61,9,2019,41.72,2.5
baseline_control,10,62,10,2019,44.22,2.5
baseline_control,6,63,11,2019,44.97,2.5
baseline_control,28,63,11,2019,44.97,2.5
baseline_control,8,68,3,2020,47.47,2.5
program_test,34,69,4,2020,44.97,2.5
baseline_control,37,69,4,2020,47.47,2.5
baseline_control,31,72,7,2020,45.47,2.5
film_control,38,73,8,2020,41.97,2.5
baseline_control,14,75,10,2020,42.47,2.5
film_control,38,49,10,2018,46.97,2.75
program_test,36,51,12,2018,46.72,2.75
baseline_control,7,51,12,2018,52.22,2.75
program_test,5,52,13,2018,46.47,2.75
baseline_control,6,53,1,2019,49.47,2.75
baseline_control,27,56,4,2019,47.47,2.75
baseline_control,13,63,11,2019,41.22,2.75
baseline_control,32,63,11,2019,54.22,2.75
baseline_control,35,65,13,2019,50.72,2.75
baseline_control,29,69,4,2020,46.72,2.75
baseline_control,40,70,5,2020,43.97,2.75
baseline_control,21,72,7,2020,49.47,2.75
baseline_control,12,72,7,2020,49.47,2.75
baseline_control,17,73,8,2020,49.47,2.75
baseline_control,29,74,9,2020,43.97,2.75
baseline_control,17,75,10,2020,49.47,2.75
film_control,38,47,8,2018,50.47,3
baseline_control,1,48,9,2018,47.97,3
baseline_control,1,54,2,2019,50.97,3
baseline_control,6,55,3,2019,50.22,3
baseline_control,25,58,6,2019,53.97,3
film_control,38,62,10,2019,50.97,3
program_test,36,62,10,2019,50.97,3
film_control,33,71,6,2020,48.47,3
baseline_control,27,73,8,2020,53.97,3
baseline_control,31,50,11,2018,58.47,3.25
baseline_control,28,53,1,2019,58.47,3.25
baseline_control,25,63,11,2019,58.47,3.25
baseline_control,8,69,4,2020,61.72,3.25
program_test,36,69,4,2020,55.22,3.25
baseline_control,13,71,6,2020,51.97,3.25
program_test,34,71,6,2020,51.97,3.25
baseline_control,1,76,11,2020,55.22,3.25
film_control,41,46,7,2018,50.72,3.5
baseline_control,4,48,9,2018,66.46,3.5
film_control,33,56,4,2019,55.96,3.5
baseline_control,31,56,4,2019,61.96,3.5
baseline_control,32,62,10,2019,66.97,3.5
program_test,36,64,12,2019,52.47,3.5
baseline_control,21,74,9,2020,62.96,3.5
baseline_control,1,75,10,2020,59.46,3.5
baseline_control,7,76,11,2020,62.96,3.5
baseline_control,25,57,5,2019,67.46,3.75
baseline_control,1,58,6,2019,63.71,3.75
baseline_control,25,61,9,2019,67.46,3.75
baseline_control,1,61,9,2019,63.71,3.75
film_control,33,69,4,2020,63.71,3.75
baseline_control,30,72,7,2020,67.46,3.75
baseline_control,42,75,10,2020,63.71,3.75
baseline_control,25,56,4,2019,69.96,4
baseline_control,19,59,7,2019,71.96,4
program_test,5,65,13,2019,67.71,4
baseline_control,35,66,1,2020,71.96,4
program_test,11,71,6,2020,63.96,4
baseline_control,6,74,9,2020,71.96,4
baseline_control,35,75,10,2020,71.96,4
baseline_control,27,76,11,2020,71.96,4
baseline_control,32,55,3,2019,69.71,4.25
baseline_control,7,70,5,2020,76.46,4.25
baseline_control,40,74,9,2020,67.96,4.25
film_control,41,76,11,2020,67.96,4.25
baseline_control,3,46,7,2018,74.2,4.5
baseline_control,4,52,13,2018,84.46,4.5
baseline_control,25,75,10,2020,80.95,4.5
film_control,38,76,11,2020,71.96,4.5
baseline_control,8,46,7,2018,82.45,4.75
baseline_control,25,66,1,2020,85.45,4.75
film_control,33,68,3,2020,78.2,4.75
baseline_control,40,71,6,2020,75.95,4.75
baseline_control,32,74,9,2020,85.45,4.75
baseline_control,1,55,3,2019,78.2,5
baseline_control,4,57,5,2019,89.95,5
baseline_control,3,60,8,2019,89.95,5
baseline_control,31,62,10,2019,87.95,5
program_test,36,63,11,2019,74.95,5
baseline_control,35,63,11,2019,89.95,5
film_control,41,64,12,2019,74.95,5
baseline_control,26,71,6,2020,89.95,5
program_test,34,75,10,2020,84.95,5
baseline_control,40,65,13,2019,89.2,5.25
baseline_control,25,67,2,2020,94.45,5.25
baseline_control,3,54,2,2019,98.94,5.5
baseline_control,8,59,7,2019,97.69,5.5
baseline_control,1,56,4,2019,95.19,5.75
baseline_control,4,60,8,2019,103.44,5.75
baseline_control,40,67,2,2020,96.19,5.75
baseline_control,40,69,4,2020,97.44,5.75
baseline_control,12,45,6,2018,4.75,0.25
baseline_control,15,48,9,2018,4.75,0.25
baseline_control,15,52,13,2018,4.75,0.25
baseline_control,37,53,1,2019,4.75,0.25
baseline_control,23,60,8,2019,4.75,0.25
baseline_control,2,65,13,2019,4.75,0.25
baseline_control,23,68,3,2020,4.75,0.25
